Country,Best_Alpha,Train_MSE,Train_R2,Train_Adj_R2,Test_MSE,Test_R2,Test_Adj_R2,Top_Indicator,Top_5_Indicators
Afghanistan,0.001,8.872861619143205e-05,0.9998924651341325,0.999596744252997,0.00038777984210338007,0.9413580236762706,1.005864197632373,"Population Density, as of 1 July (persons per square km)","['Population Density, as of 1 July (persons per square km)', 'Rate of Natural Change (per 1,000 population)', 'Crude Death Rate (deaths per 1,000 population)', 'Median Age, as of 1 July (years)', 'Population Growth Rate (percentage)']"
Angola,0.0001,2.4413544435173456e-05,0.9999136965306974,0.9996763619901152,0.00017330126867034232,0.9679401558472134,1.0032059844152788,"Population Density, as of 1 July (persons per square km)","['Population Density, as of 1 July (persons per square km)', 'Median Age, as of 1 July (years)', 'Mean Age Childbearing (years)', 'Female Life Expectancy at Age 15 (years)', 'Population Sex Ratio, as of 1 July (males per 100 females)']"
Albania,0.0001,6.108462683392754e-05,0.9997733290378994,0.9991499838921227,0.00029333960767447535,-5.0275261850920225,1.6027526185092023,"Rate of Natural Change (per 1,000 population)","['Rate of Natural Change (per 1,000 population)', 'Median Age, as of 1 July (years)', 'Infant Mortality Rate (infant deaths per 1,000 live births)', 'Net Migration Rate (per 1,000 population)', 'Population Density, as of 1 July (persons per square km)']"
Andorra,0.0,5.372897619191693e-05,0.9949410658362441,0.9810289968859154,7.98659258751035e-06,0.9169984604069364,1.0083001539593064,"Rate of Natural Change (per 1,000 population)","['Rate of Natural Change (per 1,000 population)', 'Median Age, as of 1 July (years)', 'Female Deaths ', 'Population Density, as of 1 July (persons per square km)', 'Births by women aged 15 to 19 ']"
UAE,0.0,0.0,1.0,1.0,0.0,1.0,1.0,DailyIncome,"['DailyIncome', 'female_years_schooling', 'Net Number of Migrants ', 'Mortality before Age 40, both sexes (deaths under age 40 per 1,000 live births)', 'Infant Mortality Rate (infant deaths per 1,000 live births)']"
Argentina,0.001,0.000106561377806015,0.9989767900237616,0.996162962589106,0.0006204688566948134,0.6924650451452075,1.0307534954854793,"Rate of Natural Change (per 1,000 population)","['Rate of Natural Change (per 1,000 population)', 'Population Growth Rate (percentage)', 'Female Life Expectancy at Age 15 (years)', 'Sex Ratio at Birth (males per 100 female births)', 'Infant Mortality Rate (infant deaths per 1,000 live births)']"
Armenia,0.5,0.12506123829344434,0.0,-2.75,0.0012355466527922104,-90.14688422237369,10.114688422237368,DailyIncome,"['DailyIncome', 'female_years_schooling', 'Net Number of Migrants ', 'Mortality before Age 40, both sexes (deaths under age 40 per 1,000 live births)', 'Infant Mortality Rate (infant deaths per 1,000 live births)']"
Antigua and Barbuda,0.0001,2.7581020114856316e-05,0.9995864961618165,0.9984493606068119,0.00038996447684928746,-437.71003645544755,44.871003645544754,"Rate of Natural Change (per 1,000 population)","['Rate of Natural Change (per 1,000 population)', 'Population Density, as of 1 July (persons per square km)', 'Infant Mortality Rate (infant deaths per 1,000 live births)', 'Female Deaths ', 'Female Life Expectancy at Age 15 (years)']"
Australia,0.0,3.2128806318109785e-06,0.9996295900235772,0.9986109625884145,1.333082388480411e-05,0.2593986730664578,1.0740601326933543,"Rate of Natural Change (per 1,000 population)","['Rate of Natural Change (per 1,000 population)', 'Median Age, as of 1 July (years)', 'Population Density, as of 1 July (persons per square km)', 'Male Life Expectancy at Age 15 (years)', 'Crude Death Rate (deaths per 1,000 population)']"
Austria,0.0001,3.0848914754750565e-05,0.9892065974385926,0.9595247403947224,0.00025563404933429866,0.9347020933187068,1.0065297906681294,"Median Age, as of 1 July (years)","['Median Age, as of 1 July (years)', 'Rate of Natural Change (per 1,000 population)', 'Crude Death Rate (deaths per 1,000 population)', 'Female Deaths ', 'female_years_schooling']"
Azerbaijan,0.01,0.0010911658663104189,0.9920008888069857,0.9700033330261962,0.00038212796160634073,-0.42231251218240806,1.1422312512182409,"Rate of Natural Change (per 1,000 population)","['Rate of Natural Change (per 1,000 population)', 'Sex Ratio at Birth (males per 100 female births)', 'Male Deaths ', 'Crude Death Rate (deaths per 1,000 population)', 'employment_rate_15_24']"
Burundi,0.0001,0.0001222747319566348,0.9997232560528178,0.9989622101980666,0.0005245953899494295,0.9213211820166501,1.007867881798335,"Population Density, as of 1 July (persons per square km)","['Population Density, as of 1 July (persons per square km)', 'Population Sex Ratio, as of 1 July (males per 100 females)', 'Rate of Natural Change (per 1,000 population)', 'Male Life Expectancy at Age 15 (years)', 'Male Deaths ']"
Belgium,0.0001,1.646651680175866e-05,0.9978543518256363,0.9919538193461361,0.0022439541646856807,0.7454166563865074,1.0254583343613493,"Median Age, as of 1 July (years)","['Median Age, as of 1 July (years)', 'Rate of Natural Change (per 1,000 population)', 'Crude Death Rate (deaths per 1,000 population)', 'Population Sex Ratio, as of 1 July (males per 100 females)', 'Births by women aged 15 to 19 ']"
Benin,0.001,6.193283985783256e-05,0.9997684702943171,0.9991317636036893,8.36340070191322e-05,0.9780000566092187,1.002199994339078,"Rate of Natural Change (per 1,000 population)","['Rate of Natural Change (per 1,000 population)', 'Crude Death Rate (deaths per 1,000 population)', 'Mean Age Childbearing (years)', 'Male Life Expectancy at Age 15 (years)', 'Median Age, as of 1 July (years)']"
Burkina Faso,0.01,0.0006112441290880993,0.9986821229034486,0.9950579608879322,0.0008827818207824144,0.8270637676409006,1.01729362323591,"Population Density, as of 1 July (persons per square km)","['Population Density, as of 1 July (persons per square km)', 'Rate of Natural Change (per 1,000 population)', 'Median Age, as of 1 July (years)', 'DailyIncome', 'Male Deaths ']"
Bangladesh,0.1,0.014337040390259537,0.9691242977438072,0.8842161165392768,0.0013617033062319165,-30.263596316548906,4.126359631654891,"Infant Mortality Rate (infant deaths per 1,000 live births)","['Infant Mortality Rate (infant deaths per 1,000 live births)', 'Crude Death Rate (deaths per 1,000 population)', 'Rate of Natural Change (per 1,000 population)', 'DailyIncome', 'Sex Ratio at Birth (males per 100 female births)']"
Bulgaria,0.001,0.00018563507644715033,0.9930871293973945,0.9740767352402294,0.00045032028031203225,0.9320601716094764,1.0067939828390524,"Rate of Natural Change (per 1,000 population)","['Rate of Natural Change (per 1,000 population)', 'DailyIncome', 'Mean Age Childbearing (years)', 'Female Deaths ', 'Crude Death Rate (deaths per 1,000 population)']"
Bahrain,0.01,0.0018716624356775206,0.9941701100899392,0.9781379128372718,0.0037322112329185356,-27.514347280362283,3.8514347280362284,"Rate of Natural Change (per 1,000 population)","['Rate of Natural Change (per 1,000 population)', 'Crude Death Rate (deaths per 1,000 population)', 'Population Growth Rate (percentage)', 'EmploymentRate15', 'DailyIncome']"
Bahamas,0.0001,4.665464670093516e-05,0.9996598351935947,0.9987243819759801,0.003356589565268776,-238.75639751920292,24.97563975192029,"Rate of Natural Change (per 1,000 population)","['Rate of Natural Change (per 1,000 population)', 'Male Deaths ', 'Population Density, as of 1 July (persons per square km)', 'Population Sex Ratio, as of 1 July (males per 100 females)', 'Births by women aged 15 to 19 ']"
Bosnia and Herzegovina,0.01,0.0018796249303121549,0.9564058340485121,0.8365218776819203,0.00025498805501943193,-17.810594222745426,2.8810594222745425,Births by women aged 15 to 19 ,"['Births by women aged 15 to 19 ', 'Population Density, as of 1 July (persons per square km)', 'Population Sex Ratio, as of 1 July (males per 100 females)', 'Crude Death Rate (deaths per 1,000 population)', 'DailyIncome']"
Belarus,0.001,0.00021795849957144707,0.9941607645210775,0.9781028669540406,0.0015435620349331881,0.6732664209417498,1.032673357905825,"Rate of Natural Change (per 1,000 population)","['Rate of Natural Change (per 1,000 population)', 'Crude Death Rate (deaths per 1,000 population)', 'Female Deaths ', 'Mortality before Age 40, both sexes (deaths under age 40 per 1,000 live births)', 'DailyIncome']"
Belize,0.001,2.9862359976394115e-05,0.9999477614766168,0.999804105537313,0.00030048253718360703,0.9396459820868492,1.0060354017913151,"Rate of Natural Change (per 1,000 population)","['Rate of Natural Change (per 1,000 population)', 'Infant Mortality Rate (infant deaths per 1,000 live births)', 'Crude Death Rate (deaths per 1,000 population)', 'Mean Age Childbearing (years)', 'Male Life Expectancy at Age 15 (years)']"
Bolivia,0.0,0.0,1.0,1.0,0.0,1.0,1.0,DailyIncome,"['DailyIncome', 'female_years_schooling', 'Net Number of Migrants ', 'Mortality before Age 40, both sexes (deaths under age 40 per 1,000 live births)', 'Infant Mortality Rate (infant deaths per 1,000 live births)']"
Brazil,0.001,2.5056635814104605e-05,0.9998269202151968,0.999350950806988,3.440570349679077e-05,0.42868758031158694,1.0571312419688412,"Rate of Natural Change (per 1,000 population)","['Rate of Natural Change (per 1,000 population)', 'Mean Age Childbearing (years)', 'Crude Death Rate (deaths per 1,000 population)', 'Infant Mortality Rate (infant deaths per 1,000 live births)', 'female_years_schooling']"
Barbados,0.001,0.00011475439759137674,0.9785652550821862,0.9196197065581981,0.0002340804164995443,-80.02783648061273,9.102783648061273,"Rate of Natural Change (per 1,000 population)","['Rate of Natural Change (per 1,000 population)', 'Male Life Expectancy at Age 15 (years)', 'Female Deaths ', 'Crude Death Rate (deaths per 1,000 population)', 'Sex Ratio at Birth (males per 100 female births)']"
Brunei,0.0,0.0,1.0,1.0,0.0,1.0,1.0,DailyIncome,"['DailyIncome', 'female_years_schooling', 'Net Number of Migrants ', 'Mortality before Age 40, both sexes (deaths under age 40 per 1,000 live births)', 'Infant Mortality Rate (infant deaths per 1,000 live births)']"
Bhutan,0.01,0.001001011016173577,0.9993751321109815,0.9976567454161807,0.0016268685193449623,-13.187806854752553,2.418780685475255,"Rate of Natural Change (per 1,000 population)","['Rate of Natural Change (per 1,000 population)', 'Crude Death Rate (deaths per 1,000 population)', 'Infant Mortality Rate (infant deaths per 1,000 live births)', 'Population Growth Rate (percentage)', 'Population Sex Ratio, as of 1 July (males per 100 females)']"
Botswana,0.001,0.00027239708786143104,0.998673538147697,0.9950257680538637,0.004914610676904763,-2.252794241222466,1.3252794241222468,"Rate of Natural Change (per 1,000 population)","['Rate of Natural Change (per 1,000 population)', 'Population Density, as of 1 July (persons per square km)', 'Median Age, as of 1 July (years)', 'Crude Death Rate (deaths per 1,000 population)', 'Mean Age Childbearing (years)']"
Central African Republic,0.001,0.000722022461555498,0.940349313499263,0.7763099256222362,0.0034838707175545752,-11.23842172443059,2.2238421724430593,"Median Age, as of 1 July (years)","['Median Age, as of 1 July (years)', 'Mean Age Childbearing (years)', 'Population Density, as of 1 July (persons per square km)', 'DailyIncome', 'Crude Death Rate (deaths per 1,000 population)']"
Canada,0.0001,3.197045700483814e-05,0.994445354789912,0.9791700804621701,0.0006699784196294023,0.44913157530927883,1.055086842469072,"Rate of Natural Change (per 1,000 population)","['Rate of Natural Change (per 1,000 population)', 'Median Age, as of 1 July (years)', 'Population Sex Ratio, as of 1 July (males per 100 females)', 'Crude Death Rate (deaths per 1,000 population)', 'Female Life Expectancy at Age 15 (years)']"
Switzerland,0.0001,2.1188380798787574e-05,0.9923599034248547,0.9713496378432052,4.569753792210237e-05,0.9849094503082512,1.001509054969175,"Median Age, as of 1 July (years)","['Median Age, as of 1 July (years)', 'Rate of Natural Change (per 1,000 population)', 'Crude Death Rate (deaths per 1,000 population)', 'Mortality before Age 40, both sexes (deaths under age 40 per 1,000 live births)', 'Births by women aged 15 to 19 ']"
Chile,0.001,0.00010080874984524304,0.9990148016426634,0.9963055061599879,0.0005609854785266723,0.6410586302616192,1.0358941369738381,"Rate of Natural Change (per 1,000 population)","['Rate of Natural Change (per 1,000 population)', 'Crude Death Rate (deaths per 1,000 population)', 'Mean Age Childbearing (years)', 'Births by women aged 15 to 19 ', 'female_years_schooling']"
China,0.001,0.00041250983596403284,0.989445429787069,0.9604203617015086,0.02948767011362453,-11.042337372838771,2.204233737283877,employment_rate_15_24,"['employment_rate_15_24', 'Rate of Natural Change (per 1,000 population)', 'EmploymentRate15', 'Population Growth Rate (percentage)', 'Crude Death Rate (deaths per 1,000 population)']"
Cote d'Ivoire,0.0,0.0,1.0,1.0,0.0,1.0,1.0,DailyIncome,"['DailyIncome', 'female_years_schooling', 'Net Number of Migrants ', 'Mortality before Age 40, both sexes (deaths under age 40 per 1,000 live births)', 'Infant Mortality Rate (infant deaths per 1,000 live births)']"
Cameroon,0.001,3.793733880400656e-05,0.9998487729719234,0.9994328986447129,0.0020373154190348485,0.426682547329321,1.0573317452670679,"Population Sex Ratio, as of 1 July (males per 100 females)","['Population Sex Ratio, as of 1 July (males per 100 females)', 'Population Density, as of 1 July (persons per square km)', 'Rate of Natural Change (per 1,000 population)', 'DailyIncome', 'Mean Age Childbearing (years)']"
"Congo, Dem. Rep.",0.0,0.0,1.0,1.0,0.0,1.0,1.0,DailyIncome,"['DailyIncome', 'female_years_schooling', 'Net Number of Migrants ', 'Mortality before Age 40, both sexes (deaths under age 40 per 1,000 live births)', 'Infant Mortality Rate (infant deaths per 1,000 live births)']"
"Congo, Rep.",0.0,0.0,1.0,1.0,0.0,1.0,1.0,DailyIncome,"['DailyIncome', 'female_years_schooling', 'Net Number of Migrants ', 'Mortality before Age 40, both sexes (deaths under age 40 per 1,000 live births)', 'Infant Mortality Rate (infant deaths per 1,000 live births)']"
Colombia,0.001,4.3127326466875285e-05,0.9997896212044373,0.9992110795166398,0.0005574257471489313,-1.729505834788033,1.2729505834788033,"Rate of Natural Change (per 1,000 population)","['Rate of Natural Change (per 1,000 population)', 'Male Life Expectancy at Age 15 (years)', 'DailyIncome', 'Crude Death Rate (deaths per 1,000 population)', 'Female Life Expectancy at Age 15 (years)']"
Comoros,0.001,0.00033101680560454445,0.9992114034580736,0.9970427629677759,0.0009040144682229419,0.6299404068950024,1.0370059593104997,"Crude Death Rate (deaths per 1,000 population)","['Crude Death Rate (deaths per 1,000 population)', 'Rate of Natural Change (per 1,000 population)', 'Median Age, as of 1 July (years)', 'Mean Age Childbearing (years)', 'DailyIncome']"
Cape Verde,0.0,0.0,1.0,1.0,0.0,1.0,1.0,DailyIncome,"['DailyIncome', 'female_years_schooling', 'Net Number of Migrants ', 'Mortality before Age 40, both sexes (deaths under age 40 per 1,000 live births)', 'Infant Mortality Rate (infant deaths per 1,000 live births)']"
Costa Rica,0.001,9.382533767439774e-05,0.999587544307464,0.99845329115299,0.0013419359165054243,-12.755607344588704,2.3755607344588703,"Rate of Natural Change (per 1,000 population)","['Rate of Natural Change (per 1,000 population)', 'Mortality before Age 40, both sexes (deaths under age 40 per 1,000 live births)', 'Population Growth Rate (percentage)', 'Mean Age Childbearing (years)', 'female_years_schooling']"
Cuba,0.001,0.00028061303814390164,0.9669503522443869,0.8760638209164507,0.003709995329684555,-29.40979778429932,4.040979778429932,"Rate of Natural Change (per 1,000 population)","['Rate of Natural Change (per 1,000 population)', 'DailyIncome', 'Male Deaths ', 'Median Age, as of 1 July (years)', 'Mean Age Childbearing (years)']"
Cyprus,0.1,0.01120170703446484,0.9099964329120465,0.6624866234201743,0.00016951971925578983,-57.679902819312765,6.867990281931276,"Infant Mortality Rate (infant deaths per 1,000 live births)","['Infant Mortality Rate (infant deaths per 1,000 live births)', 'Rate of Natural Change (per 1,000 population)', 'DailyIncome', 'Sex Ratio at Birth (males per 100 female births)', 'Net Number of Migrants ']"
Czech Republic,0.0,0.0,1.0,1.0,0.0,1.0,1.0,DailyIncome,"['DailyIncome', 'female_years_schooling', 'Net Number of Migrants ', 'Mortality before Age 40, both sexes (deaths under age 40 per 1,000 live births)', 'Infant Mortality Rate (infant deaths per 1,000 live births)']"
Germany,0.001,9.776882492690133e-05,0.9873909352492974,0.9527160071848654,0.00022648039459211388,0.9373709963949786,1.0062629003605021,"Median Age, as of 1 July (years)","['Median Age, as of 1 July (years)', 'Rate of Natural Change (per 1,000 population)', 'Population Sex Ratio, as of 1 July (males per 100 females)', 'Crude Death Rate (deaths per 1,000 population)', 'DailyIncome']"
Djibouti,0.1,0.01377236720792,0.986392845677534,0.9489731712907526,0.0011583313832294884,0.14211796831258816,1.0857882031687411,"Infant Mortality Rate (infant deaths per 1,000 live births)","['Infant Mortality Rate (infant deaths per 1,000 live births)', 'Births by women aged 15 to 19 ', 'Rate of Natural Change (per 1,000 population)', 'Population Density, as of 1 July (persons per square km)', 'Female Deaths ']"
Dominica,0.001,0.00019874444205281814,0.9992643703346509,0.9972413887549407,0.00028375472061058026,-318.2240606869022,32.92240606869022,"Rate of Natural Change (per 1,000 population)","['Rate of Natural Change (per 1,000 population)', 'Female Deaths ', 'Population Density, as of 1 July (persons per square km)', 'Infant Mortality Rate (infant deaths per 1,000 live births)', 'DailyIncome']"
Denmark,0.0,5.880992432511453e-05,0.9810005744315318,0.9287521541182442,0.002223827459708793,0.7482649468294327,1.0251735053170568,"Median Age, as of 1 July (years)","['Median Age, as of 1 July (years)', 'Male Life Expectancy at Age 15 (years)', 'Population Growth Rate (percentage)', 'Mean Age Childbearing (years)', 'Rate of Natural Change (per 1,000 population)']"
Dominican Republic,0.0001,1.0613262123597996e-05,0.999893183575807,0.9995994384092763,8.95984692943552e-05,0.7935519140683073,1.0206448085931692,"Rate of Natural Change (per 1,000 population)","['Rate of Natural Change (per 1,000 population)', 'Population Density, as of 1 July (persons per square km)', 'Male Deaths ', 'Female Deaths ', 'Male Life Expectancy at Age 15 (years)']"
Algeria,0.001,0.0007788281819500612,0.9975779623709305,0.9909173588909895,0.0003449294628951822,0.8086795780810653,1.0191320421918935,"Infant Mortality Rate (infant deaths per 1,000 live births)","['Infant Mortality Rate (infant deaths per 1,000 live births)', 'Rate of Natural Change (per 1,000 population)', 'Population Sex Ratio, as of 1 July (males per 100 females)', 'Births by women aged 15 to 19 ', 'Male Life Expectancy at Age 15 (years)']"
Ecuador,0.001,3.2318286991748845e-05,0.9998743712070974,0.9995288920266154,0.0004004246607953199,0.6766132495371615,1.032338675046284,"Rate of Natural Change (per 1,000 population)","['Rate of Natural Change (per 1,000 population)', 'Infant Mortality Rate (infant deaths per 1,000 live births)', 'Female Life Expectancy at Age 15 (years)', 'Male Life Expectancy at Age 15 (years)', 'Mortality before Age 40, both sexes (deaths under age 40 per 1,000 live births)']"
Egypt,0.01,0.0003564562317864016,0.997417055579337,0.9903139584225138,0.0003735477461942643,0.0,1.1,"Rate of Natural Change (per 1,000 population)","['Rate of Natural Change (per 1,000 population)', 'Mean Age Childbearing (years)', 'Mortality before Age 40, both sexes (deaths under age 40 per 1,000 live births)', 'Crude Death Rate (deaths per 1,000 population)', 'Sex Ratio at Birth (males per 100 female births)']"
Eritrea,0.0001,0.00018033095836712565,0.9996723439696615,0.9987712898862308,5.225751328990651e-05,0.9867910571361804,1.001320894286382,"Population Density, as of 1 July (persons per square km)","['Population Density, as of 1 July (persons per square km)', 'Infant Mortality Rate (infant deaths per 1,000 live births)', 'Mean Age Childbearing (years)', 'Rate of Natural Change (per 1,000 population)', 'Female Life Expectancy at Age 15 (years)']"
Spain,0.001,0.00027897934337845637,0.9569478672527679,0.8385545021978797,0.00021406101847968817,-0.9698866731259426,1.1969886673125942,Births by women aged 15 to 19 ,"['Births by women aged 15 to 19 ', 'Male Life Expectancy at Age 15 (years)', 'Rate of Natural Change (per 1,000 population)', 'Female Deaths ', 'Median Age, as of 1 July (years)']"
Estonia,0.0001,2.102481907041655e-05,0.9993018208381781,0.9973818281431679,0.0004635892960008952,0.9569830123720714,1.0043016987627928,"Rate of Natural Change (per 1,000 population)","['Rate of Natural Change (per 1,000 population)', 'Crude Death Rate (deaths per 1,000 population)', 'Male Deaths ', 'DailyIncome', 'Female Deaths ']"
Ethiopia,0.001,9.538456395510536e-05,0.9999104756166597,0.9996642835624738,0.005044338855936955,0.1437049737177426,1.0856295026282257,"Rate of Natural Change (per 1,000 population)","['Rate of Natural Change (per 1,000 population)', 'Population Density, as of 1 July (persons per square km)', 'Median Age, as of 1 July (years)', 'Male Life Expectancy at Age 15 (years)', 'Population Sex Ratio, as of 1 July (males per 100 females)']"
Finland,0.0,1.2889833254234012e-05,0.9993395921648569,0.9975234706182134,0.0020102676010511074,0.6689646062601098,1.0331035393739891,"Median Age, as of 1 July (years)","['Median Age, as of 1 July (years)', 'Rate of Natural Change (per 1,000 population)', 'Population Sex Ratio, as of 1 July (males per 100 females)', 'Male Life Expectancy at Age 15 (years)', 'Female Deaths ']"
Fiji,0.0001,4.1254664922927565e-05,0.9995712661542084,0.9983922480782816,3.8142783466035525e-05,0.9121134021519909,1.0087886597848008,"Rate of Natural Change (per 1,000 population)","['Rate of Natural Change (per 1,000 population)', 'Population Density, as of 1 July (persons per square km)', 'Births by women aged 15 to 19 ', 'EmploymentRate15', 'employment_rate_15_24']"
France,0.0,3.2021856545413433e-06,0.9996994706420159,0.9988730149075598,0.0005186638056151209,0.8882243606499667,1.0111775639350034,"Rate of Natural Change (per 1,000 population)","['Rate of Natural Change (per 1,000 population)', 'Population Density, as of 1 July (persons per square km)', 'Female Deaths ', 'Median Age, as of 1 July (years)', 'Crude Death Rate (deaths per 1,000 population)']"
"Micronesia, Fed. Sts.",0.0,0.0,1.0,1.0,0.0,1.0,1.0,DailyIncome,"['DailyIncome', 'female_years_schooling', 'Net Number of Migrants ', 'Mortality before Age 40, both sexes (deaths under age 40 per 1,000 live births)', 'Infant Mortality Rate (infant deaths per 1,000 live births)']"
Gabon,0.0001,9.508859457467414e-05,0.9995653842020326,0.9983701907576221,0.008376260050648293,-2.020044085242955,1.3020044085242954,"Population Density, as of 1 July (persons per square km)","['Population Density, as of 1 July (persons per square km)', 'Population Sex Ratio, as of 1 July (males per 100 females)', 'Male Deaths ', 'Female Life Expectancy at Age 15 (years)', 'Female Deaths ']"
UK,0.0,0.0,1.0,1.0,0.0,1.0,1.0,DailyIncome,"['DailyIncome', 'female_years_schooling', 'Net Number of Migrants ', 'Mortality before Age 40, both sexes (deaths under age 40 per 1,000 live births)', 'Infant Mortality Rate (infant deaths per 1,000 live births)']"
Georgia,0.0001,0.00013752642173879315,0.9973504349375405,0.9900641310157768,0.0018766564132519804,0.6906610307826404,1.0309338969217359,"Infant Mortality Rate (infant deaths per 1,000 live births)","['Infant Mortality Rate (infant deaths per 1,000 live births)', 'Rate of Natural Change (per 1,000 population)', 'Mean Age Childbearing (years)', 'Median Age, as of 1 July (years)', 'Crude Death Rate (deaths per 1,000 population)']"
Ghana,0.0,7.248875140551466e-05,0.9997970169781105,0.9992388136679144,0.0030936675360137764,-1.0237685582296772,1.2023768558229677,"Population Density, as of 1 July (persons per square km)","['Population Density, as of 1 July (persons per square km)', 'Rate of Natural Change (per 1,000 population)', 'Male Deaths ', 'Population Annual Doubling Time (years)', 'Female Life Expectancy at Age 15 (years)']"
Guinea,0.01,0.0005067230383617404,0.9985182332674448,0.9944433747529181,0.003787615937284654,0.3146102735330194,1.068538972646698,"Population Density, as of 1 July (persons per square km)","['Population Density, as of 1 July (persons per square km)', 'Crude Death Rate (deaths per 1,000 population)', 'Male Life Expectancy at Age 15 (years)', 'Rate of Natural Change (per 1,000 population)', 'Births by women aged 15 to 19 ']"
Gambia,0.001,8.192747595026816e-05,0.9997085214231846,0.9989069553369421,2.0299344485004927e-05,0.9951965583329377,1.0004803441667063,"Rate of Natural Change (per 1,000 population)","['Rate of Natural Change (per 1,000 population)', 'Population Sex Ratio, as of 1 July (males per 100 females)', 'Median Age, as of 1 July (years)', 'Female Life Expectancy at Age 15 (years)', 'Population Annual Doubling Time (years)']"
Guinea-Bissau,0.0,5.9933782999102415e-05,0.999882468964202,0.9995592586157573,0.009933746681931902,-1.2669435604591186,1.2266943560459118,"Population Density, as of 1 July (persons per square km)","['Population Density, as of 1 July (persons per square km)', 'Male Deaths ', 'EmploymentRate15', 'employment_rate_15_24', 'Rate of Natural Change (per 1,000 population)']"
Equatorial Guinea,0.0,1.0597698120659345e-05,0.9999628766073082,0.9998607872774058,0.001958472375659504,0.656823110841953,1.0343176889158048,"Population Density, as of 1 July (persons per square km)","['Population Density, as of 1 July (persons per square km)', 'Median Age, as of 1 July (years)', 'Infant Mortality Rate (infant deaths per 1,000 live births)', 'Population Sex Ratio, as of 1 July (males per 100 females)', 'Female Life Expectancy at Age 15 (years)']"
Greece,0.0001,1.956181337428155e-05,0.9941285942119912,0.977982228294967,0.0006730483403143281,0.763897916166629,1.0236102083833372,"Rate of Natural Change (per 1,000 population)","['Rate of Natural Change (per 1,000 population)', 'Median Age, as of 1 July (years)', 'Female Deaths ', 'Infant Mortality Rate (infant deaths per 1,000 live births)', 'Male Deaths ']"
Grenada,0.001,0.0007709626617126612,0.996639600884523,0.9873985033169611,0.0027971496136415617,-17.647664090943987,2.8647664090943987,"Rate of Natural Change (per 1,000 population)","['Rate of Natural Change (per 1,000 population)', 'Median Age, as of 1 July (years)', 'Infant Mortality Rate (infant deaths per 1,000 live births)', 'Sex Ratio at Birth (males per 100 female births)', 'DailyIncome']"
Guatemala,0.01,0.0002518852103046321,0.9997066180470217,0.9988998176763312,0.002054546010276846,-1.059580540486928,1.2059580540486927,"Rate of Natural Change (per 1,000 population)","['Rate of Natural Change (per 1,000 population)', 'Population Density, as of 1 July (persons per square km)', 'Male Life Expectancy at Age 15 (years)', 'Infant Mortality Rate (infant deaths per 1,000 live births)', 'Births by women aged 15 to 19 ']"
Guyana,0.01,0.0009080544051985938,0.9862696066677878,0.9485110250042044,0.001409349571306685,-2.382438971136008,1.3382438971136008,"Rate of Natural Change (per 1,000 population)","['Rate of Natural Change (per 1,000 population)', 'Births by women aged 15 to 19 ', 'Male Life Expectancy at Age 15 (years)', 'Population Sex Ratio, as of 1 July (males per 100 females)', 'Population Density, as of 1 July (persons per square km)']"
"Hong Kong, China",0.0,0.0,1.0,1.0,0.0,1.0,1.0,DailyIncome,"['DailyIncome', 'female_years_schooling', 'Net Number of Migrants ', 'Mortality before Age 40, both sexes (deaths under age 40 per 1,000 live births)', 'Infant Mortality Rate (infant deaths per 1,000 live births)']"
Honduras,0.001,2.811633782733136e-05,0.9999650825497878,0.9998690595617041,5.34653783559855e-05,0.861088797573941,1.013891120242606,"Rate of Natural Change (per 1,000 population)","['Rate of Natural Change (per 1,000 population)', 'Population Density, as of 1 July (persons per square km)', 'Crude Death Rate (deaths per 1,000 population)', 'Mean Age Childbearing (years)', 'Population Sex Ratio, as of 1 July (males per 100 females)']"
Croatia,0.0001,2.2467509199781783e-05,0.9957214920704673,0.9839555952642525,0.0005007583791518328,0.8782465579109983,1.0121753442089,"Rate of Natural Change (per 1,000 population)","['Rate of Natural Change (per 1,000 population)', 'Crude Death Rate (deaths per 1,000 population)', 'Population Density, as of 1 July (persons per square km)', 'Mean Age Childbearing (years)', 'Mortality before Age 40, both sexes (deaths under age 40 per 1,000 live births)']"
Haiti,0.0,3.322908533021816e-05,0.9999468862969377,0.9998008236135165,3.658390763279061e-05,0.9741029441013753,1.0025897055898625,"Population Density, as of 1 July (persons per square km)","['Population Density, as of 1 July (persons per square km)', 'Rate of Natural Change (per 1,000 population)', 'Male Deaths ', 'Median Age, as of 1 July (years)', 'Net Migration Rate (per 1,000 population)']"
Hungary,0.0001,3.133323957589821e-05,0.9989427360456773,0.9960352601712898,6.54244969225163e-05,0.9723324653555753,1.0027667534644424,"Rate of Natural Change (per 1,000 population)","['Rate of Natural Change (per 1,000 population)', 'Crude Death Rate (deaths per 1,000 population)', 'Population Density, as of 1 July (persons per square km)', 'Population Sex Ratio, as of 1 July (males per 100 females)', 'Male Life Expectancy at Age 15 (years)']"
Indonesia,0.001,0.00013998289281648928,0.9976121492449475,0.991045559668553,0.001302482605837753,-4.110001505030376,1.5110001505030377,"Rate of Natural Change (per 1,000 population)","['Rate of Natural Change (per 1,000 population)', 'Population Annual Doubling Time (years)', 'Crude Death Rate (deaths per 1,000 population)', 'Female Life Expectancy at Age 15 (years)', 'Population Growth Rate (percentage)']"
India,0.0001,7.638370368092901e-06,0.9999791958558719,0.9999219844595197,0.0010341129227710412,-3.0784471099647304,1.4078447109964731,"Population Density, as of 1 July (persons per square km)","['Population Density, as of 1 July (persons per square km)', 'Rate of Natural Change (per 1,000 population)', 'Male Life Expectancy at Age 15 (years)', 'Male Deaths ', 'Mean Age Childbearing (years)']"
Ireland,0.001,0.0002731401477712469,0.9756658477639464,0.9087469291147989,0.004188263246365442,0.424917321922176,1.0575082678077825,"Rate of Natural Change (per 1,000 population)","['Rate of Natural Change (per 1,000 population)', 'Infant Mortality Rate (infant deaths per 1,000 live births)', 'DailyIncome', 'Male Deaths ', 'Female Deaths ']"
Iran,0.0,0.0,1.0,1.0,0.0,1.0,1.0,DailyIncome,"['DailyIncome', 'female_years_schooling', 'Net Number of Migrants ', 'Mortality before Age 40, both sexes (deaths under age 40 per 1,000 live births)', 'Infant Mortality Rate (infant deaths per 1,000 live births)']"
Iraq,0.001,0.0002694887561856135,0.9994045172387073,0.9977669396451523,4.043402704574609e-05,0.9797852325623978,1.0020214767437603,"Rate of Natural Change (per 1,000 population)","['Rate of Natural Change (per 1,000 population)', 'Infant Mortality Rate (infant deaths per 1,000 live births)', 'Crude Death Rate (deaths per 1,000 population)', 'Sex Ratio at Birth (males per 100 female births)', 'female_years_schooling']"
Iceland,0.0001,3.54404559596836e-05,0.9986706941475091,0.9950151030531591,0.0005554561360239046,0.9621641068055103,1.0037835893194489,"Rate of Natural Change (per 1,000 population)","['Rate of Natural Change (per 1,000 population)', 'Median Age, as of 1 July (years)', 'Crude Death Rate (deaths per 1,000 population)', 'Population Density, as of 1 July (persons per square km)', 'Female Deaths ']"
Israel,0.0,8.984983313069728e-05,0.9909115827436076,0.9659184352885284,0.00042166973743711393,0.9295207139446937,1.0070479286055307,"Median Age, as of 1 July (years)","['Median Age, as of 1 July (years)', 'Population Density, as of 1 July (persons per square km)', 'Rate of Natural Change (per 1,000 population)', 'Male Life Expectancy at Age 15 (years)', 'Births by women aged 15 to 19 ']"
Italy,0.0001,2.130971833628802e-05,0.9963898413608571,0.986461905103214,0.0006700508294957532,-0.25009483114879094,1.1250094831148791,"Rate of Natural Change (per 1,000 population)","['Rate of Natural Change (per 1,000 population)', 'Female Deaths ', 'Population Density, as of 1 July (persons per square km)', 'Births by women aged 15 to 19 ', 'Male Life Expectancy at Age 15 (years)']"
Jamaica,0.01,0.00022752951094410766,0.9992548730134633,0.9972057738004872,0.004858960181262022,-68.1940532141755,7.91940532141755,"Rate of Natural Change (per 1,000 population)","['Rate of Natural Change (per 1,000 population)', 'Mortality before Age 40, both sexes (deaths under age 40 per 1,000 live births)', 'Population Growth Rate (percentage)', 'Female Life Expectancy at Age 15 (years)', 'female_years_schooling']"
Jordan,0.01,0.0009180300068681815,0.9981901071125291,0.9932129016719841,7.542064912024727e-05,0.9513484918232351,1.0048651508176765,"Rate of Natural Change (per 1,000 population)","['Rate of Natural Change (per 1,000 population)', 'Median Age, as of 1 July (years)', 'Mean Age Childbearing (years)', 'DailyIncome', 'Population Growth Rate (percentage)']"
Japan,0.0001,4.8974314313059686e-05,0.9883669277182211,0.9563759789433292,0.007395631174734177,-8.303981069696345,1.9303981069696345,"Rate of Natural Change (per 1,000 population)","['Rate of Natural Change (per 1,000 population)', 'Population Sex Ratio, as of 1 July (males per 100 females)', 'Mean Age Childbearing (years)', 'Median Age, as of 1 July (years)', 'Population Density, as of 1 July (persons per square km)']"
Kazakhstan,0.001,0.00029794304820769885,0.9974333301002829,0.9903749878760608,0.0024060744209953365,0.872023368936705,1.0127976631063296,"Rate of Natural Change (per 1,000 population)","['Rate of Natural Change (per 1,000 population)', 'Female Deaths ', 'Population Density, as of 1 July (persons per square km)', 'Median Age, as of 1 July (years)', 'Mean Age Childbearing (years)']"
Kenya,0.0,9.477303746012693e-05,0.9998359516474431,0.9993848186779116,0.00021571657103790982,0.8803937198533021,1.0119606280146698,"Population Density, as of 1 July (persons per square km)","['Population Density, as of 1 July (persons per square km)', 'Rate of Natural Change (per 1,000 population)', 'Male Deaths ', 'Crude Death Rate (deaths per 1,000 population)', 'Median Age, as of 1 July (years)']"
Kyrgyz Republic,0.0,0.0,1.0,1.0,0.0,1.0,1.0,DailyIncome,"['DailyIncome', 'female_years_schooling', 'Net Number of Migrants ', 'Mortality before Age 40, both sexes (deaths under age 40 per 1,000 live births)', 'Infant Mortality Rate (infant deaths per 1,000 live births)']"
Cambodia,0.0001,0.00014015752558731618,0.9998643739163058,0.9994914021861467,0.001389124155826001,-0.14719374219434922,1.114719374219435,"Population Density, as of 1 July (persons per square km)","['Population Density, as of 1 July (persons per square km)', 'Male Deaths ', 'Rate of Natural Change (per 1,000 population)', 'Male Life Expectancy at Age 15 (years)', 'DailyIncome']"
Kiribati,0.01,0.00044731683647883125,0.9974759515154652,0.9905348181829945,0.0031241750282347013,-2.6150135322849404,1.361501353228494,"Rate of Natural Change (per 1,000 population)","['Rate of Natural Change (per 1,000 population)', 'Population Sex Ratio, as of 1 July (males per 100 females)', 'Population Density, as of 1 July (persons per square km)', 'Median Age, as of 1 July (years)', 'Male Life Expectancy at Age 15 (years)']"
St. Kitts and Nevis,0.0,0.0,1.0,1.0,0.0,1.0,1.0,DailyIncome,"['DailyIncome', 'female_years_schooling', 'Net Number of Migrants ', 'Mortality before Age 40, both sexes (deaths under age 40 per 1,000 live births)', 'Infant Mortality Rate (infant deaths per 1,000 live births)']"
South Korea,0.0,0.0,1.0,1.0,0.0,1.0,1.0,DailyIncome,"['DailyIncome', 'female_years_schooling', 'Net Number of Migrants ', 'Mortality before Age 40, both sexes (deaths under age 40 per 1,000 live births)', 'Infant Mortality Rate (infant deaths per 1,000 live births)']"
Kuwait,0.001,0.00031576744008777563,0.9988188520830149,0.9955706953113059,0.037462108949567564,-1.0807402001142181,1.2080740200114217,"Infant Mortality Rate (infant deaths per 1,000 live births)","['Infant Mortality Rate (infant deaths per 1,000 live births)', 'Population Sex Ratio, as of 1 July (males per 100 females)', 'Population Density, as of 1 July (persons per square km)', 'Female Life Expectancy at Age 15 (years)', 'Mortality before Age 40, both sexes (deaths under age 40 per 1,000 live births)']"
Lao,0.0,0.0,1.0,1.0,0.0,1.0,1.0,DailyIncome,"['DailyIncome', 'female_years_schooling', 'Net Number of Migrants ', 'Mortality before Age 40, both sexes (deaths under age 40 per 1,000 live births)', 'Infant Mortality Rate (infant deaths per 1,000 live births)']"
Lebanon,0.001,0.00020048117287469944,0.9975081846674051,0.9906556925027691,0.0004990116388680325,-0.542274982765208,1.1542274982765208,"Rate of Natural Change (per 1,000 population)","['Rate of Natural Change (per 1,000 population)', 'Population Sex Ratio, as of 1 July (males per 100 females)', 'Crude Death Rate (deaths per 1,000 population)', 'Sex Ratio at Birth (males per 100 female births)', 'DailyIncome']"
Liberia,0.001,0.00018538269906995318,0.9996159449511799,0.9985597935669246,0.002246245524595633,0.3030335199144789,1.0696966480085521,"Crude Death Rate (deaths per 1,000 population)","['Crude Death Rate (deaths per 1,000 population)', 'Rate of Natural Change (per 1,000 population)', 'Infant Mortality Rate (infant deaths per 1,000 live births)', 'Net Number of Migrants ', 'Median Age, as of 1 July (years)']"
Libya,0.1,0.050972176151938484,0.847806901562235,0.4292758808583814,0.002408245010155658,-0.2558932142427186,1.1255893214242718,"Median Age, as of 1 July (years)","['Median Age, as of 1 July (years)', 'DailyIncome', 'Rate of Natural Change (per 1,000 population)', 'EmploymentRate15', 'Male Deaths ']"
St. Lucia,0.0,0.0,1.0,1.0,0.0,1.0,1.0,DailyIncome,"['DailyIncome', 'female_years_schooling', 'Net Number of Migrants ', 'Mortality before Age 40, both sexes (deaths under age 40 per 1,000 live births)', 'Infant Mortality Rate (infant deaths per 1,000 live births)']"
Sri Lanka,0.0001,8.000919765504453e-05,0.9960390963961931,0.9851466114857244,0.00016164209288687686,-1.1975511117550957,1.2197551111755096,"Rate of Natural Change (per 1,000 population)","['Rate of Natural Change (per 1,000 population)', 'Female Life Expectancy at Age 15 (years)', 'Population Density, as of 1 July (persons per square km)', 'Crude Death Rate (deaths per 1,000 population)', 'Population Sex Ratio, as of 1 July (males per 100 females)']"
Lesotho,0.0001,9.66499865234823e-05,0.9996178535512403,0.9985669508171513,0.0006073475431535863,0.3870679649717136,1.0612932035028286,"Rate of Natural Change (per 1,000 population)","['Rate of Natural Change (per 1,000 population)', 'Mean Age Childbearing (years)', 'Median Age, as of 1 July (years)', 'Population Density, as of 1 July (persons per square km)', 'Population Sex Ratio, as of 1 July (males per 100 females)']"
Lithuania,0.0001,1.84913064314909e-05,0.9995568018394029,0.9983380068977608,0.005343449638828184,-0.2774543576861741,1.1277454357686174,"Rate of Natural Change (per 1,000 population)","['Rate of Natural Change (per 1,000 population)', 'Crude Death Rate (deaths per 1,000 population)', 'Mean Age Childbearing (years)', 'female_years_schooling', 'employment_rate_15_24']"
Luxembourg,0.0001,3.3335655597750016e-05,0.9976229333924488,0.9910860002216829,7.374345133772684e-05,-1.2421995339173661,1.2242199533917366,"Population Density, as of 1 July (persons per square km)","['Population Density, as of 1 July (persons per square km)', 'Median Age, as of 1 July (years)', 'Rate of Natural Change (per 1,000 population)', 'Crude Death Rate (deaths per 1,000 population)', 'Male Deaths ']"
Latvia,0.001,6.680907538135096e-05,0.9986089158610237,0.994783434478839,0.00017141143493313392,0.9813195907875835,1.0018680409212417,"Rate of Natural Change (per 1,000 population)","['Rate of Natural Change (per 1,000 population)', 'Crude Death Rate (deaths per 1,000 population)', 'Population Sex Ratio, as of 1 July (males per 100 females)', 'DailyIncome', 'Sex Ratio at Birth (males per 100 female births)']"
Morocco,0.01,0.0009157128704394453,0.996034760277791,0.9851303510417164,1.0491275217246027e-05,0.9813543686897285,1.0018645631310272,"Rate of Natural Change (per 1,000 population)","['Rate of Natural Change (per 1,000 population)', 'Mean Age Childbearing (years)', 'Crude Death Rate (deaths per 1,000 population)', 'EmploymentRate15', 'Sex Ratio at Birth (males per 100 female births)']"
Monaco,0.5,0.06878166909469302,0.0,-2.75,0.00028572875476933456,-10.480173182696458,2.1480173182696456,DailyIncome,"['DailyIncome', 'female_years_schooling', 'Net Number of Migrants ', 'Mortality before Age 40, both sexes (deaths under age 40 per 1,000 live births)', 'Infant Mortality Rate (infant deaths per 1,000 live births)']"
Moldova,0.0,0.0,1.0,1.0,0.0,1.0,1.0,DailyIncome,"['DailyIncome', 'female_years_schooling', 'Net Number of Migrants ', 'Mortality before Age 40, both sexes (deaths under age 40 per 1,000 live births)', 'Infant Mortality Rate (infant deaths per 1,000 live births)']"
Madagascar,0.001,2.7669866164163094e-05,0.9999413783184976,0.999780168694366,0.0017013133694297536,0.41432755795334475,1.0585672442046654,"Rate of Natural Change (per 1,000 population)","['Rate of Natural Change (per 1,000 population)', 'Mean Age Childbearing (years)', 'Crude Death Rate (deaths per 1,000 population)', 'Population Density, as of 1 July (persons per square km)', 'Male Life Expectancy at Age 15 (years)']"
Maldives,0.1,0.013665255667261891,0.9914097433298322,0.9677865374868708,0.00880885517127388,-87.48180417574194,9.848180417574195,Births by women aged 15 to 19 ,"['Births by women aged 15 to 19 ', 'Rate of Natural Change (per 1,000 population)', 'Female Deaths ', 'DailyIncome', 'Sex Ratio at Birth (males per 100 female births)']"
Mexico,0.01,0.0003373214574418932,0.998064269055037,0.9927410089563886,0.0003279620175854158,0.45339663735764124,1.054660336264236,"Infant Mortality Rate (infant deaths per 1,000 live births)","['Infant Mortality Rate (infant deaths per 1,000 live births)', 'Population Density, as of 1 July (persons per square km)', 'Population Sex Ratio, as of 1 July (males per 100 females)', 'Rate of Natural Change (per 1,000 population)', 'Population Growth Rate (percentage)']"
Marshall Islands,0.01,0.0013672872101203825,0.998279718970376,0.9935489461389102,0.0069847183293841,-19.291305669611706,3.029130566961171,"Median Age, as of 1 July (years)","['Median Age, as of 1 July (years)', 'Rate of Natural Change (per 1,000 population)', 'Crude Death Rate (deaths per 1,000 population)', 'Infant Mortality Rate (infant deaths per 1,000 live births)', 'Net Number of Migrants ']"
North Macedonia,0.0001,8.488761374209072e-05,0.9985825539993978,0.9946845774977416,0.00034740318395714344,0.9236178077975695,1.007638219220243,"Rate of Natural Change (per 1,000 population)","['Rate of Natural Change (per 1,000 population)', 'Male Deaths ', 'Female Deaths ', 'Female Life Expectancy at Age 15 (years)', 'Crude Death Rate (deaths per 1,000 population)']"
Mali,0.001,0.00019868240643898215,0.9985472968946167,0.9945523633548128,0.0003541968172509282,0.922017433454221,1.0077982566545778,"Population Density, as of 1 July (persons per square km)","['Population Density, as of 1 July (persons per square km)', 'Rate of Natural Change (per 1,000 population)', 'Population Sex Ratio, as of 1 July (males per 100 females)', 'Median Age, as of 1 July (years)', 'Mean Age Childbearing (years)']"
Malta,0.01,0.0011239933440386567,0.985185886519037,0.9444470744463889,0.00045569134551311794,-16.526590212042866,2.7526590212042867,"Rate of Natural Change (per 1,000 population)","['Rate of Natural Change (per 1,000 population)', 'Crude Death Rate (deaths per 1,000 population)', 'Mortality before Age 40, both sexes (deaths under age 40 per 1,000 live births)', 'Male Life Expectancy at Age 15 (years)', 'Population Density, as of 1 July (persons per square km)']"
Myanmar,0.01,0.0009436319762887229,0.9943342762360973,0.9787535358853647,0.0003646566711615177,-0.1580487086992577,1.1158048708699257,"Rate of Natural Change (per 1,000 population)","['Rate of Natural Change (per 1,000 population)', 'Crude Death Rate (deaths per 1,000 population)', 'Population Growth Rate (percentage)', 'Sex Ratio at Birth (males per 100 female births)', 'EmploymentRate15']"
Montenegro,0.1,0.008715390218522372,0.0,-2.75,0.0010564377384668772,-0.0274410683166062,1.1027441068316606,DailyIncome,"['DailyIncome', 'female_years_schooling', 'Net Number of Migrants ', 'Mortality before Age 40, both sexes (deaths under age 40 per 1,000 live births)', 'Infant Mortality Rate (infant deaths per 1,000 live births)']"
Mongolia,0.0001,0.00011197396472991761,0.9995656570407087,0.9983712139026575,0.0009495505016856965,0.7496937931236811,1.0250306206876318,"Rate of Natural Change (per 1,000 population)","['Rate of Natural Change (per 1,000 population)', 'Infant Mortality Rate (infant deaths per 1,000 live births)', 'Median Age, as of 1 July (years)', 'Population Density, as of 1 July (persons per square km)', 'Net Number of Migrants ']"
Mozambique,0.001,0.00011065787491602129,0.9991921163735186,0.9969704364006946,0.0012931855973163425,0.6161135175193936,1.0383886482480607,"Crude Death Rate (deaths per 1,000 population)","['Crude Death Rate (deaths per 1,000 population)', 'Rate of Natural Change (per 1,000 population)', 'Population Density, as of 1 July (persons per square km)', 'Mean Age Childbearing (years)', 'Population Growth Rate (percentage)']"
Mauritania,0.0001,3.910312503197039e-05,0.999679432206063,0.9987978707727364,0.00032293881525411074,0.9150508757442274,1.0084949124255773,"Crude Death Rate (deaths per 1,000 population)","['Crude Death Rate (deaths per 1,000 population)', 'Rate of Natural Change (per 1,000 population)', 'Median Age, as of 1 July (years)', 'Population Density, as of 1 July (persons per square km)', 'Male Deaths ']"
Mauritius,0.001,0.00016207785461989213,0.9985878994409223,0.9947046229034586,0.00032005489523902984,0.8579217689083913,1.014207823109161,"Rate of Natural Change (per 1,000 population)","['Rate of Natural Change (per 1,000 population)', 'Female Deaths ', 'Crude Death Rate (deaths per 1,000 population)', 'Female Life Expectancy at Age 15 (years)', 'Population Annual Doubling Time (years)']"
Malawi,0.0001,4.455098458795545e-05,0.9999432495538985,0.9997871858271192,5.256286687484808e-05,0.9845776292014855,1.0015422370798515,"Population Density, as of 1 July (persons per square km)","['Population Density, as of 1 July (persons per square km)', 'Male Deaths ', 'Mean Age Childbearing (years)', 'Rate of Natural Change (per 1,000 population)', 'Median Age, as of 1 July (years)']"
Malaysia,0.001,5.289434850683758e-05,0.9998343324315133,0.9993787466181749,0.0015031759367299053,-269.5716686113945,28.05716686113945,"Rate of Natural Change (per 1,000 population)","['Rate of Natural Change (per 1,000 population)', 'Male Life Expectancy at Age 15 (years)', 'Population Sex Ratio, as of 1 July (males per 100 females)', 'Births by women aged 15 to 19 ', 'Net Number of Migrants ']"
Namibia,0.0,3.6358149344364525e-05,0.9998855364238507,0.9995707615894401,0.003504022297130328,-1.5024758509897747,1.2502475850989776,"Rate of Natural Change (per 1,000 population)","['Rate of Natural Change (per 1,000 population)', 'Male Deaths ', 'Population Density, as of 1 July (persons per square km)', 'Infant Mortality Rate (infant deaths per 1,000 live births)', 'Male Life Expectancy at Age 15 (years)']"
Niger,0.0001,1.1919886243632979e-05,0.9999279856835538,0.9997299463133267,0.0011524773708903198,0.6426057357172887,1.035739426428271,"Population Density, as of 1 July (persons per square km)","['Population Density, as of 1 July (persons per square km)', 'Crude Death Rate (deaths per 1,000 population)', 'Rate of Natural Change (per 1,000 population)', 'Median Age, as of 1 July (years)', 'Mean Age Childbearing (years)']"
Nigeria,0.001,6.398702368417475e-05,0.9996847802476228,0.9988179259285853,0.0011205235305211403,0.7172933456298982,1.0282706654370102,"Population Density, as of 1 July (persons per square km)","['Population Density, as of 1 July (persons per square km)', 'Rate of Natural Change (per 1,000 population)', 'Median Age, as of 1 July (years)', 'Crude Death Rate (deaths per 1,000 population)', 'Sex Ratio at Birth (males per 100 female births)']"
Nicaragua,0.001,0.00017882431122493884,0.9995981770590946,0.9984931639716047,0.00010161119256948418,0.7243819369724678,1.0275618063027532,"Infant Mortality Rate (infant deaths per 1,000 live births)","['Infant Mortality Rate (infant deaths per 1,000 live births)', 'Rate of Natural Change (per 1,000 population)', 'Population Growth Rate (percentage)', 'Mean Age Childbearing (years)', 'Crude Death Rate (deaths per 1,000 population)']"
Netherlands,0.0,5.50013058401014e-05,0.9906746724590938,0.9650300217216017,0.0030659327334475444,0.5141323672167233,1.0485867632783277,"Median Age, as of 1 July (years)","['Median Age, as of 1 July (years)', 'Rate of Natural Change (per 1,000 population)', 'Births by women aged 15 to 19 ', 'Population Sex Ratio, as of 1 July (males per 100 females)', 'Male Life Expectancy at Age 15 (years)']"
Norway,0.0001,4.115434735234117e-05,0.9971393507897189,0.989272565461446,0.0012670680323704656,0.7474282991952561,1.0252571700804745,"Rate of Natural Change (per 1,000 population)","['Rate of Natural Change (per 1,000 population)', 'Population Density, as of 1 July (persons per square km)', 'Births by women aged 15 to 19 ', 'Male Deaths ', 'Female Deaths ']"
Nepal,0.1,0.010903856461327641,0.9908076417634184,0.965528656612819,0.00037918258147841716,-0.3467416074608385,1.134674160746084,"Rate of Natural Change (per 1,000 population)","['Rate of Natural Change (per 1,000 population)', 'Infant Mortality Rate (infant deaths per 1,000 live births)', 'Population Density, as of 1 July (persons per square km)', 'Sex Ratio at Birth (males per 100 female births)', 'Male Life Expectancy at Age 15 (years)']"
Nauru,0.01,0.0016020194160597824,0.9749423671952304,0.9060338769821141,0.0011635616757265984,0.2100139497933452,1.0789986050206655,"Rate of Natural Change (per 1,000 population)","['Rate of Natural Change (per 1,000 population)', 'Female Life Expectancy at Age 15 (years)', 'Population Growth Rate (percentage)', 'Male Deaths ', 'Mean Age Childbearing (years)']"
New Zealand,0.0001,2.3279323744644156e-05,0.998666634832531,0.9949998806219914,0.0004108642458135714,-4.079365676266671,1.5079365676266672,"Rate of Natural Change (per 1,000 population)","['Rate of Natural Change (per 1,000 population)', 'Median Age, as of 1 July (years)', 'Crude Death Rate (deaths per 1,000 population)', 'Male Deaths ', 'Population Density, as of 1 July (persons per square km)']"
Oman,0.01,0.0026965228833776755,0.9979552734306422,0.9923322753649081,0.001075749919101552,0.6669046558895638,1.0333095344110437,Births by women aged 15 to 19 ,"['Births by women aged 15 to 19 ', 'Infant Mortality Rate (infant deaths per 1,000 live births)', 'Rate of Natural Change (per 1,000 population)', 'DailyIncome', 'Crude Death Rate (deaths per 1,000 population)']"
Pakistan,0.01,0.0009462708598289114,0.9986193952169208,0.994822732063453,0.0008048900809927654,0.6348416811707399,1.036515831882926,"Rate of Natural Change (per 1,000 population)","['Rate of Natural Change (per 1,000 population)', 'Crude Death Rate (deaths per 1,000 population)', 'Mean Age Childbearing (years)', 'Female Life Expectancy at Age 15 (years)', 'Male Deaths ']"
Panama,0.001,9.293651182632021e-05,0.9975206004653568,0.9907022517450882,0.0005548329924906656,-2.0117593078504408,1.3011759307850441,"Rate of Natural Change (per 1,000 population)","['Rate of Natural Change (per 1,000 population)', 'Population Growth Rate (percentage)', 'Population Sex Ratio, as of 1 July (males per 100 females)', 'Births by women aged 15 to 19 ', 'female_years_schooling']"
Peru,0.01,0.0003691496562205389,0.9986376918554207,0.9948913444578278,0.000846123058419245,-1.1141331276438717,1.2114133127643871,"Mortality before Age 40, both sexes (deaths under age 40 per 1,000 live births)","['Mortality before Age 40, both sexes (deaths under age 40 per 1,000 live births)', 'Rate of Natural Change (per 1,000 population)', 'Infant Mortality Rate (infant deaths per 1,000 live births)', 'Population Density, as of 1 July (persons per square km)', 'Male Life Expectancy at Age 15 (years)']"
Philippines,0.001,5.333792534193192e-05,0.999853429605359,0.999450361020096,0.0052909114494749465,-25.963874884073892,3.6963874884073893,"Rate of Natural Change (per 1,000 population)","['Rate of Natural Change (per 1,000 population)', 'Median Age, as of 1 July (years)', 'Crude Death Rate (deaths per 1,000 population)', 'Births by women aged 15 to 19 ', 'Population Growth Rate (percentage)']"
Palau,0.001,0.0004972961921167255,0.9945197976175413,0.9794492410657798,0.001402104927418081,-3.5424565683091345,1.4542456568309134,"Rate of Natural Change (per 1,000 population)","['Rate of Natural Change (per 1,000 population)', 'Births by women aged 15 to 19 ', 'Female Life Expectancy at Age 15 (years)', 'Crude Death Rate (deaths per 1,000 population)', 'DailyIncome']"
Papua New Guinea,0.0001,6.756371847209294e-05,0.9997888079734586,0.9992080299004698,0.0004527731206512711,0.79938174055428,1.020061825944572,"Population Density, as of 1 July (persons per square km)","['Population Density, as of 1 July (persons per square km)', 'Rate of Natural Change (per 1,000 population)', 'Population Sex Ratio, as of 1 July (males per 100 females)', 'Net Number of Migrants ', 'Mean Age Childbearing (years)']"
Poland,0.1,0.02022979971278449,0.63774586708973,-0.3584529984135125,0.0023387724956297705,-2.696689929867901,1.36966899298679,"Infant Mortality Rate (infant deaths per 1,000 live births)","['Infant Mortality Rate (infant deaths per 1,000 live births)', 'Rate of Natural Change (per 1,000 population)', 'Population Sex Ratio, as of 1 July (males per 100 females)', 'DailyIncome', 'Sex Ratio at Birth (males per 100 female births)']"
North Korea,0.0,0.0,1.0,1.0,0.0,1.0,1.0,DailyIncome,"['DailyIncome', 'female_years_schooling', 'Net Number of Migrants ', 'Mortality before Age 40, both sexes (deaths under age 40 per 1,000 live births)', 'Infant Mortality Rate (infant deaths per 1,000 live births)']"
Portugal,0.0,2.3165117991276796e-05,0.9968509671456414,0.9881911267961552,0.0010281031214568774,0.8187477356883075,1.0181252264311693,"Rate of Natural Change (per 1,000 population)","['Rate of Natural Change (per 1,000 population)', 'Mean Age Childbearing (years)', 'Births by women aged 15 to 19 ', 'Female Deaths ', 'Median Age, as of 1 July (years)']"
Paraguay,0.001,2.823302174507389e-05,0.9999385420028741,0.999769532510778,0.0023350020549148718,-5.3336402936208875,1.6333640293620888,"Rate of Natural Change (per 1,000 population)","['Rate of Natural Change (per 1,000 population)', 'Male Life Expectancy at Age 15 (years)', 'Mean Age Childbearing (years)', 'Female Life Expectancy at Age 15 (years)', 'Births by women aged 15 to 19 ']"
Palestine,0.0,0.0,1.0,1.0,0.0,1.0,1.0,DailyIncome,"['DailyIncome', 'female_years_schooling', 'Net Number of Migrants ', 'Mortality before Age 40, both sexes (deaths under age 40 per 1,000 live births)', 'Infant Mortality Rate (infant deaths per 1,000 live births)']"
Qatar,0.0001,0.0003409233836302892,0.9993877833203012,0.9977041874511295,0.0067845798427305015,-0.8264303237788466,1.1826430323778847,"Rate of Natural Change (per 1,000 population)","['Rate of Natural Change (per 1,000 population)', 'Population Density, as of 1 July (persons per square km)', 'EmploymentRate15', 'Male Deaths ', 'DailyIncome']"
Romania,0.001,0.00021752389845908587,0.9921408152517779,0.970528057194167,0.0020967490196988317,-448.30336136404884,45.93033613640488,"Rate of Natural Change (per 1,000 population)","['Rate of Natural Change (per 1,000 population)', 'Crude Death Rate (deaths per 1,000 population)', 'Female Life Expectancy at Age 15 (years)', 'DailyIncome', 'Population Sex Ratio, as of 1 July (males per 100 females)']"
Russia,0.0,0.0,1.0,1.0,0.0,1.0,1.0,DailyIncome,"['DailyIncome', 'female_years_schooling', 'Net Number of Migrants ', 'Mortality before Age 40, both sexes (deaths under age 40 per 1,000 live births)', 'Infant Mortality Rate (infant deaths per 1,000 live births)']"
Rwanda,0.0,0.0001783796333584781,0.9998121468012025,0.9992955505045091,0.00024495056922300447,0.9284653409368865,1.0071534659063113,"Population Density, as of 1 July (persons per square km)","['Population Density, as of 1 July (persons per square km)', 'Mean Age Childbearing (years)', 'Male Life Expectancy at Age 15 (years)', 'Rate of Natural Change (per 1,000 population)', 'Median Age, as of 1 July (years)']"
Saudi Arabia,0.01,0.00040528280527003807,0.999649694670811,0.9986863550155413,0.0036972626870157006,-0.0207166927343998,1.10207166927344,"Rate of Natural Change (per 1,000 population)","['Rate of Natural Change (per 1,000 population)', 'Infant Mortality Rate (infant deaths per 1,000 live births)', 'Population Sex Ratio, as of 1 July (males per 100 females)', 'Male Deaths ', 'Female Life Expectancy at Age 15 (years)']"
Sudan,0.0,5.410125009276788e-05,0.9997272904665003,0.9989773392493763,0.0001743136477469698,0.941908360004342,1.0058091639995659,"Population Density, as of 1 July (persons per square km)","['Population Density, as of 1 July (persons per square km)', 'Rate of Natural Change (per 1,000 population)', 'Net Migration Rate (per 1,000 population)', 'Births by women aged 15 to 19 ', 'DailyIncome']"
Senegal,0.0,4.304359746639309e-05,0.9998749667559605,0.999531125334852,0.002766677105644112,-0.17320457740280104,1.1173204577402802,"Population Density, as of 1 July (persons per square km)","['Population Density, as of 1 July (persons per square km)', 'Median Age, as of 1 July (years)', 'Population Sex Ratio, as of 1 July (males per 100 females)', 'Rate of Natural Change (per 1,000 population)', 'DailyIncome']"
Singapore,0.001,0.00011384543492529697,0.9974370637788048,0.990388989170518,4.964451590778315e-05,-222.40032158502376,23.340032158502375,"Rate of Natural Change (per 1,000 population)","['Rate of Natural Change (per 1,000 population)', 'Crude Death Rate (deaths per 1,000 population)', 'Sex Ratio at Birth (males per 100 female births)', 'Male Deaths ', 'Population Growth Rate (percentage)']"
Solomon Islands,0.01,0.000516480749667928,0.9981943805566035,0.9932289270872631,0.00029569851099865116,0.9056749628203069,1.0094325037179692,"Median Age, as of 1 July (years)","['Median Age, as of 1 July (years)', 'Rate of Natural Change (per 1,000 population)', 'Mean Age Childbearing (years)', 'Population Sex Ratio, as of 1 July (males per 100 females)', 'Population Annual Doubling Time (years)']"
Sierra Leone,0.01,0.0006579358380140935,0.9990829711228657,0.9965611417107464,0.00020322720096218252,0.9652259627997332,1.0034774037200267,"Population Density, as of 1 July (persons per square km)","['Population Density, as of 1 July (persons per square km)', 'DailyIncome', 'Infant Mortality Rate (infant deaths per 1,000 live births)', 'Population Sex Ratio, as of 1 July (males per 100 females)', 'Mean Age Childbearing (years)']"
El Salvador,0.01,0.0001932831283439124,0.9995890528446966,0.9984589481676122,0.0021005255621447685,-14.649610976244107,2.5649610976244106,"Rate of Natural Change (per 1,000 population)","['Rate of Natural Change (per 1,000 population)', 'Female Life Expectancy at Age 15 (years)', 'Population Density, as of 1 July (persons per square km)', 'Births by women aged 15 to 19 ', 'Median Age, as of 1 July (years)']"
San Marino,0.01,0.0018119657401769666,0.8984374964605005,0.619140611726877,0.002051823999771954,-20.323806002248897,3.1323806002248897,"Rate of Natural Change (per 1,000 population)","['Rate of Natural Change (per 1,000 population)', 'Mean Age Childbearing (years)', 'Female Deaths ', 'Male Deaths ', 'Sex Ratio at Birth (males per 100 female births)']"
Somalia,0.0001,0.0001007910487096294,0.9991556530039588,0.9968336987648455,0.00038266965627482564,0.9531896198864622,1.0046810380113538,"Population Density, as of 1 July (persons per square km)","['Population Density, as of 1 July (persons per square km)', 'Population Sex Ratio, as of 1 July (males per 100 females)', 'Male Life Expectancy at Age 15 (years)', 'Mean Age Childbearing (years)', 'Female Life Expectancy at Age 15 (years)']"
Serbia,0.0001,1.8735021519239914e-05,0.9974241693410688,0.990340635029008,0.0023607954687837047,-31.4880110383082,4.24880110383082,"Rate of Natural Change (per 1,000 population)","['Rate of Natural Change (per 1,000 population)', 'Population Density, as of 1 July (persons per square km)', 'Mean Age Childbearing (years)', 'Crude Death Rate (deaths per 1,000 population)', 'Infant Mortality Rate (infant deaths per 1,000 live births)']"
South Sudan,0.01,0.006135881450017493,0.9950013864498115,0.9812551991867932,0.0026157590800865095,0.5326961824451422,1.0467303817554858,Mean Age Childbearing (years),"['Mean Age Childbearing (years)', 'Population Density, as of 1 July (persons per square km)', 'Sex Ratio at Birth (males per 100 female births)', 'Population Sex Ratio, as of 1 July (males per 100 females)', 'Mortality before Age 40, both sexes (deaths under age 40 per 1,000 live births)']"
Sao Tome and Principe,0.01,0.0010741851734419198,0.9964941262566108,0.9868529734622906,0.0007839619524270844,0.6458358813450564,1.0354164118654943,"Rate of Natural Change (per 1,000 population)","['Rate of Natural Change (per 1,000 population)', 'Median Age, as of 1 July (years)', 'Births by women aged 15 to 19 ', 'Crude Death Rate (deaths per 1,000 population)', 'Infant Mortality Rate (infant deaths per 1,000 live births)']"
Suriname,0.0001,4.612766548085072e-05,0.9991261977629547,0.9967232416110803,0.0010045093885122762,-1.8411642038373843,1.2841164203837385,"Rate of Natural Change (per 1,000 population)","['Rate of Natural Change (per 1,000 population)', 'Male Deaths ', 'Population Growth Rate (percentage)', 'Infant Mortality Rate (infant deaths per 1,000 live births)', 'Population Density, as of 1 July (persons per square km)']"
Slovak Republic,0.0,0.0,1.0,1.0,0.0,1.0,1.0,DailyIncome,"['DailyIncome', 'female_years_schooling', 'Net Number of Migrants ', 'Mortality before Age 40, both sexes (deaths under age 40 per 1,000 live births)', 'Infant Mortality Rate (infant deaths per 1,000 live births)']"
Slovenia,0.001,0.00020315767038609593,0.9915082403678614,0.9681559013794805,0.0001872668017147575,0.8196274384168637,1.0180372561583135,"Rate of Natural Change (per 1,000 population)","['Rate of Natural Change (per 1,000 population)', 'Female Deaths ', 'Population Density, as of 1 July (persons per square km)', 'Male Life Expectancy at Age 15 (years)', 'Male Deaths ']"
Sweden,0.0,5.185530148380203e-06,0.9998209046747122,0.9993283925301707,0.00013433696045705252,0.9858108083265248,1.0014189191673475,"Rate of Natural Change (per 1,000 population)","['Rate of Natural Change (per 1,000 population)', 'Median Age, as of 1 July (years)', 'Population Density, as of 1 July (persons per square km)', 'Female Life Expectancy at Age 15 (years)', 'Net Migration Rate (per 1,000 population)']"
Eswatini,0.0001,6.133395388240251e-05,0.9998642690026398,0.9994910087598993,0.003662710136535203,-1.8300473239025385,1.2830047323902538,"Population Density, as of 1 July (persons per square km)","['Population Density, as of 1 July (persons per square km)', 'Rate of Natural Change (per 1,000 population)', 'Births by women aged 15 to 19 ', 'Male Life Expectancy at Age 15 (years)', 'DailyIncome']"
Seychelles,0.001,0.0001416981413807357,0.9959750983402669,0.9849066187760007,0.0014144617263044618,-0.9482943888491304,1.194829438884913,"Rate of Natural Change (per 1,000 population)","['Rate of Natural Change (per 1,000 population)', 'Population Sex Ratio, as of 1 July (males per 100 females)', 'Births by women aged 15 to 19 ', 'Female Deaths ', 'Infant Mortality Rate (infant deaths per 1,000 live births)']"
Syria,0.0,0.0,1.0,1.0,0.0,1.0,1.0,DailyIncome,"['DailyIncome', 'female_years_schooling', 'Net Number of Migrants ', 'Mortality before Age 40, both sexes (deaths under age 40 per 1,000 live births)', 'Infant Mortality Rate (infant deaths per 1,000 live births)']"
Chad,0.0001,4.223358092682122e-05,0.9995010153140923,0.9981288074278462,0.0011296379957239234,0.6475999320098667,1.0352400067990133,"Population Density, as of 1 July (persons per square km)","['Population Density, as of 1 July (persons per square km)', 'Rate of Natural Change (per 1,000 population)', 'Median Age, as of 1 July (years)', 'Female Life Expectancy at Age 15 (years)', 'DailyIncome']"
Togo,0.0,2.9936839310506616e-05,0.9998432356381025,0.9994121336428844,0.0008164368709998503,0.7193946445047472,1.0280605355495254,"Population Density, as of 1 July (persons per square km)","['Population Density, as of 1 July (persons per square km)', 'Male Deaths ', 'Male Life Expectancy at Age 15 (years)', 'Infant Mortality Rate (infant deaths per 1,000 live births)', 'Median Age, as of 1 July (years)']"
Thailand,0.0,3.1765401965573564e-05,0.9993316052082941,0.997493519531103,0.0030087889631042063,-35.89250772198616,4.6892507721986165,"Population Density, as of 1 July (persons per square km)","['Population Density, as of 1 July (persons per square km)', 'Rate of Natural Change (per 1,000 population)', 'Infant Mortality Rate (infant deaths per 1,000 live births)', 'Male Deaths ', 'Crude Death Rate (deaths per 1,000 population)']"
Tajikistan,0.001,0.000614375993014004,0.9985456927214656,0.9945463477054962,0.00020055145714588436,0.8753306316954714,1.0124669368304529,"Infant Mortality Rate (infant deaths per 1,000 live births)","['Infant Mortality Rate (infant deaths per 1,000 live births)', 'Rate of Natural Change (per 1,000 population)', 'DailyIncome', 'Crude Death Rate (deaths per 1,000 population)', 'Mean Age Childbearing (years)']"
Turkmenistan,0.1,0.015347319056866255,0.9187947696132859,0.695480386049822,0.005641877031786643,-7.168740876138939,1.8168740876138938,"Rate of Natural Change (per 1,000 population)","['Rate of Natural Change (per 1,000 population)', 'Crude Death Rate (deaths per 1,000 population)', 'Mean Age Childbearing (years)', 'Sex Ratio at Birth (males per 100 female births)', 'Net Number of Migrants ']"
Timor-Leste,0.01,0.0014097794997650005,0.9986103728699824,0.9947888982624342,0.006916611666218846,-0.21244799571441653,1.1212447995714416,Mean Age Childbearing (years),"['Mean Age Childbearing (years)', 'Rate of Natural Change (per 1,000 population)', 'Female Life Expectancy at Age 15 (years)', 'Sex Ratio at Birth (males per 100 female births)', 'Median Age, as of 1 July (years)']"
Tonga,0.01,0.0004844143051679052,0.9977971313490794,0.9917392425590479,0.0039059797216954776,-3.846128686967104,1.4846128686967104,"Rate of Natural Change (per 1,000 population)","['Rate of Natural Change (per 1,000 population)', 'Median Age, as of 1 July (years)', 'Female Life Expectancy at Age 15 (years)', 'DailyIncome', 'Sex Ratio at Birth (males per 100 female births)']"
Trinidad and Tobago,0.01,0.0011199662600968369,0.9784797473358995,0.9192990525096231,0.0010824815836303749,-7.872799865822806,1.8872799865822807,Mean Age Childbearing (years),"['Mean Age Childbearing (years)', 'Rate of Natural Change (per 1,000 population)', 'Sex Ratio at Birth (males per 100 female births)', 'employment_rate_15_24', 'EmploymentRate15']"
Tunisia,0.0001,4.098234251516807e-05,0.9997723759397428,0.9991464097740355,0.0016643692971931533,-3.331788222885602,1.4331788222885602,"Rate of Natural Change (per 1,000 population)","['Rate of Natural Change (per 1,000 population)', 'Population Sex Ratio, as of 1 July (males per 100 females)', 'Male Deaths ', 'Infant Mortality Rate (infant deaths per 1,000 live births)', 'Population Density, as of 1 July (persons per square km)']"
Turkey,0.0,0.0,1.0,1.0,0.0,1.0,1.0,DailyIncome,"['DailyIncome', 'female_years_schooling', 'Net Number of Migrants ', 'Mortality before Age 40, both sexes (deaths under age 40 per 1,000 live births)', 'Infant Mortality Rate (infant deaths per 1,000 live births)']"
Tuvalu,0.0,0.00023370013176669908,0.9959628283055486,0.9848606061458073,0.014911328029045441,-17.780010112147938,2.878001011214794,Male Life Expectancy at Age 15 (years),"['Male Life Expectancy at Age 15 (years)', 'Rate of Natural Change (per 1,000 population)', 'Female Life Expectancy at Age 15 (years)', 'Net Number of Migrants ', 'Crude Death Rate (deaths per 1,000 population)']"
Taiwan,0.0,0.0,1.0,1.0,0.0,1.0,1.0,DailyIncome,"['DailyIncome', 'female_years_schooling', 'Net Number of Migrants ', 'Mortality before Age 40, both sexes (deaths under age 40 per 1,000 live births)', 'Infant Mortality Rate (infant deaths per 1,000 live births)']"
Tanzania,0.0,0.0,1.0,1.0,0.0,1.0,1.0,DailyIncome,"['DailyIncome', 'female_years_schooling', 'Net Number of Migrants ', 'Mortality before Age 40, both sexes (deaths under age 40 per 1,000 live births)', 'Infant Mortality Rate (infant deaths per 1,000 live births)']"
Uganda,0.0001,0.00011742148710722154,0.999793278307347,0.9992247936525512,0.0015297894415165995,0.8222047964352196,1.0177795203564781,"Population Density, as of 1 July (persons per square km)","['Population Density, as of 1 July (persons per square km)', 'Male Deaths ', 'Births by women aged 15 to 19 ', 'Female Deaths ', 'Male Life Expectancy at Age 15 (years)']"
Ukraine,0.0001,2.9238234672349468e-05,0.999159968589491,0.9968498822105911,0.010333341734437984,0.05719596510672986,1.094280403489327,"Rate of Natural Change (per 1,000 population)","['Rate of Natural Change (per 1,000 population)', 'Crude Death Rate (deaths per 1,000 population)', 'Female Life Expectancy at Age 15 (years)', 'Births by women aged 15 to 19 ', 'Male Deaths ']"
Uruguay,0.0001,5.887004414422488e-06,0.9999002205844476,0.9996258271916785,0.0007626941601899077,-2.322481820769216,1.3322481820769216,"Rate of Natural Change (per 1,000 population)","['Rate of Natural Change (per 1,000 population)', 'Female Life Expectancy at Age 15 (years)', 'Population Density, as of 1 July (persons per square km)', 'Crude Death Rate (deaths per 1,000 population)', 'employment_rate_15_24']"
USA,0.001,0.00018947919576658116,0.9875716746763784,0.9533937800364191,0.0009358166933034393,-2.071608402527702,1.3071608402527701,"Rate of Natural Change (per 1,000 population)","['Rate of Natural Change (per 1,000 population)', 'Female Deaths ', 'female_years_schooling', 'Mortality before Age 40, both sexes (deaths under age 40 per 1,000 live births)', 'Births by women aged 15 to 19 ']"
Uzbekistan,0.0,2.8675589722056492e-05,0.9999071355463149,0.999651758298681,0.061048218449238266,-6.091849730788975,1.7091849730788975,"Rate of Natural Change (per 1,000 population)","['Rate of Natural Change (per 1,000 population)', 'Male Deaths ', 'Median Age, as of 1 July (years)', 'Infant Mortality Rate (infant deaths per 1,000 live births)', 'Population Density, as of 1 July (persons per square km)']"
St. Vincent and the Grenadines,0.0,0.0,1.0,1.0,0.0,1.0,1.0,DailyIncome,"['DailyIncome', 'female_years_schooling', 'Net Number of Migrants ', 'Mortality before Age 40, both sexes (deaths under age 40 per 1,000 live births)', 'Infant Mortality Rate (infant deaths per 1,000 live births)']"
Venezuela,0.0,0.0,1.0,1.0,0.0,1.0,1.0,DailyIncome,"['DailyIncome', 'female_years_schooling', 'Net Number of Migrants ', 'Mortality before Age 40, both sexes (deaths under age 40 per 1,000 live births)', 'Infant Mortality Rate (infant deaths per 1,000 live births)']"
Vietnam,0.0,0.0,1.0,1.0,0.0,1.0,1.0,DailyIncome,"['DailyIncome', 'female_years_schooling', 'Net Number of Migrants ', 'Mortality before Age 40, both sexes (deaths under age 40 per 1,000 live births)', 'Infant Mortality Rate (infant deaths per 1,000 live births)']"
Vanuatu,0.01,0.0005991349583996447,0.9966225992503753,0.9873347471889075,0.0005579566705658751,0.6652706282433763,1.0334729371756624,Mean Age Childbearing (years),"['Mean Age Childbearing (years)', 'Rate of Natural Change (per 1,000 population)', 'Population Sex Ratio, as of 1 July (males per 100 females)', 'Crude Death Rate (deaths per 1,000 population)', 'Male Life Expectancy at Age 15 (years)']"
Samoa,0.001,0.0004622786690928407,0.9921893306226407,0.9707099898349026,0.00010183763541840194,0.9504198464369998,1.0049580153563,Mean Age Childbearing (years),"['Mean Age Childbearing (years)', 'Rate of Natural Change (per 1,000 population)', 'Births by women aged 15 to 19 ', 'Crude Death Rate (deaths per 1,000 population)', 'Sex Ratio at Birth (males per 100 female births)']"
Yemen,0.1,0.01070584482021959,0.9937903806210621,0.9767139273289828,0.0038133652365179675,-462.78766390075793,47.378766390075796,"Rate of Natural Change (per 1,000 population)","['Rate of Natural Change (per 1,000 population)', 'Infant Mortality Rate (infant deaths per 1,000 live births)', 'Crude Death Rate (deaths per 1,000 population)', 'Population Sex Ratio, as of 1 July (males per 100 females)', 'Female Life Expectancy at Age 15 (years)']"
South Africa,0.0,3.6087050846988954e-05,0.9997986063358358,0.9992447737593844,0.002574159015245044,-13.607459733420718,2.460745973342072,"Rate of Natural Change (per 1,000 population)","['Rate of Natural Change (per 1,000 population)', 'Male Deaths ', 'Population Density, as of 1 July (persons per square km)', 'Net Migration Rate (per 1,000 population)', 'Net Number of Migrants ']"
Zambia,0.0,6.00111916242656e-05,0.9998553664860399,0.9994576243226496,0.001122412162215701,0.6797378270261478,1.0320262172973853,"Population Density, as of 1 July (persons per square km)","['Population Density, as of 1 July (persons per square km)', 'Male Life Expectancy at Age 15 (years)', 'Male Deaths ', 'Rate of Natural Change (per 1,000 population)', 'Infant Mortality Rate (infant deaths per 1,000 live births)']"
Zimbabwe,0.0,0.00017337215472088422,0.9979711237911145,0.9923917142166795,0.0006091372342318567,-0.5512832790285118,1.1551283279028512,Mean Age Childbearing (years),"['Mean Age Childbearing (years)', 'Male Deaths ', 'Rate of Natural Change (per 1,000 population)', 'Crude Death Rate (deaths per 1,000 population)', 'Infant Mortality Rate (infant deaths per 1,000 live births)']"
